[{"id":14,"addon_name":"Header","addon_type":"update","addon_location":"dynamic_page","addon_order":1,"addon_page_id":1,"addon_page_type":"dynamic_page","addon_settings":"{\"id\":\"14\",\"addon_name\":\"Header\",\"addon_namespace\":\"UGx1Z2luc1xQYWdlQnVpbGRlclxBZGRvbnNcVGVuYW50c1xFbGVjdHJvXEhlYWRlclxIZWFkZXI=\",\"addon_type\":\"update\",\"addon_location\":\"dynamic_page\",\"addon_order\":\"1\",\"addon_page_id\":\"1\",\"addon_page_type\":\"dynamic_page\",\"pre_title\":\"Best Of 2023\",\"title\":\"Comfort fashion\",\"description\":\"Anyone can get dressed up and glamorous, but it is how people dress in their days off tha are the most intriguing.\",\"button_text\":\"Buy Now\",\"button_url\":\"#\",\"primary_image\":\"954\",\"background_image\":\"549\",\"padding_top\":\"0\",\"padding_bottom\":\"0\"}","addon_namespace":"Plugins\\PageBuilder\\Addons\\Tenants\\Electro\\Header\\Header","created_at":"2023-07-31T11:06:08.000000Z","updated_at":"2023-08-14T12:22:55.000000Z"},{"id":15,"addon_name":"CollectionCard","addon_type":"update","addon_location":"dynamic_page","addon_order":2,"addon_page_id":1,"addon_page_type":"dynamic_page","addon_settings":"{\"id\":\"15\",\"addon_name\":\"CollectionCard\",\"addon_namespace\":\"UGx1Z2luc1xQYWdlQnVpbGRlclxBZGRvbnNcVGVuYW50c1xFbGVjdHJvXENvbW1vblxDb2xsZWN0aW9uQ2FyZA==\",\"addon_type\":\"update\",\"addon_location\":\"dynamic_page\",\"addon_order\":\"2\",\"addon_page_id\":\"1\",\"addon_page_type\":\"dynamic_page\",\"repeater_data\":{\"repeater_title_\":[\"Shoes Collection\",\"Man's {break} Collection\",\"Woman's {break} Collection\"],\"repeater_button_text_\":[\"Shop Now\",\"Shop Now\",\"Shop Now\"],\"repeater_button_url_\":[\"#\",\"#\",\"#\"],\"repeater_button_target_\":[\"on\",\"on\",\"on\"],\"repeater_image_\":[\"955\",\"955\",\"955\"],\"repeater_background_color_\":[null,null,null]},\"padding_top\":\"65\",\"padding_bottom\":\"64\"}","addon_namespace":"Plugins\\PageBuilder\\Addons\\Tenants\\Electro\\Common\\CollectionCard","created_at":"2023-07-31T11:37:20.000000Z","updated_at":"2023-08-14T13:21:49.000000Z"},{"id":16,"addon_name":"FeaturedCollection","addon_type":"update","addon_location":"dynamic_page","addon_order":3,"addon_page_id":1,"addon_page_type":"dynamic_page","addon_settings":"{\"id\":\"16\",\"addon_name\":\"FeaturedCollection\",\"addon_namespace\":\"UGx1Z2luc1xQYWdlQnVpbGRlclxBZGRvbnNcVGVuYW50c1xFbGVjdHJvXFByb2R1Y3RcRmVhdHVyZWRDb2xsZWN0aW9u\",\"addon_type\":\"update\",\"addon_location\":\"dynamic_page\",\"addon_order\":\"3\",\"addon_page_id\":\"1\",\"addon_page_type\":\"dynamic_page\",\"title\":\"Featured Collections\",\"products\":[\"190\",\"191\",\"192\",\"193\",\"195\",\"196\"],\"item_show\":null,\"item_order\":\"desc\",\"padding_top\":\"78\",\"padding_bottom\":\"77\"}","addon_namespace":"Plugins\\PageBuilder\\Addons\\Tenants\\Electro\\Product\\FeaturedCollection","created_at":"2023-08-01T06:31:33.000000Z","updated_at":"2023-08-14T13:22:27.000000Z"},{"id":17,"addon_name":"ProductTypeList","addon_type":"update","addon_location":"dynamic_page","addon_order":4,"addon_page_id":1,"addon_page_type":"dynamic_page","addon_settings":"{\"id\":\"17\",\"addon_name\":\"ProductTypeList\",\"addon_namespace\":\"UGx1Z2luc1xQYWdlQnVpbGRlclxBZGRvbnNcVGVuYW50c1xFbGVjdHJvXFByb2R1Y3RcUHJvZHVjdFR5cGVMaXN0\",\"addon_type\":\"update\",\"addon_location\":\"dynamic_page\",\"addon_order\":\"4\",\"addon_page_id\":\"1\",\"addon_page_type\":\"dynamic_page\",\"title\":\"Our Store\",\"categories\":[\"6\",\"8\",\"10\"],\"item_show\":\"8\",\"sort_by\":\"id\",\"sort_to\":\"desc\",\"view_all_button_text\":\"Go To Store\",\"view_all_button_url\":null,\"padding_top\":\"0\",\"padding_bottom\":\"66\"}","addon_namespace":"Plugins\\PageBuilder\\Addons\\Tenants\\Electro\\Product\\ProductTypeList","created_at":"2023-08-01T12:16:35.000000Z","updated_at":"2023-08-14T13:23:28.000000Z"},{"id":18,"addon_name":"CampaignCard","addon_type":"update","addon_location":"dynamic_page","addon_order":5,"addon_page_id":1,"addon_page_type":"dynamic_page","addon_settings":"{\"id\":\"18\",\"addon_name\":\"CampaignCard\",\"addon_namespace\":\"UGx1Z2luc1xQYWdlQnVpbGRlclxBZGRvbnNcVGVuYW50c1xFbGVjdHJvXENvbW1vblxDYW1wYWlnbkNhcmQ=\",\"addon_type\":\"update\",\"addon_location\":\"dynamic_page\",\"addon_order\":\"5\",\"addon_page_id\":\"1\",\"addon_page_type\":\"dynamic_page\",\"repeater_data\":{\"repeater_campaign_\":[\"14\",\"15\"],\"repeater_slogan_\":[\"Coming {h}Soon{\\\/h}\",\"Buy 1 {h}Get 1 free{\\\/h}\"],\"repeater_title_\":[\"Winter Products\",null],\"repeater_button_text_\":[\"Order Now\",\"Order Now\"],\"repeater_button_url_\":[\"#\",null],\"repeater_button_target_\":[\"on\",\"on\"],\"repeater_image_\":[\"956\",\"956\"]},\"padding_top\":\"0\",\"padding_bottom\":\"110\"}","addon_namespace":"Plugins\\PageBuilder\\Addons\\Tenants\\Electro\\Common\\CampaignCard","created_at":"2023-08-01T14:04:53.000000Z","updated_at":"2023-08-14T13:23:18.000000Z"},{"id":83,"addon_name":"PopularProducts","addon_type":"update","addon_location":"dynamic_page","addon_order":6,"addon_page_id":1,"addon_page_type":"dynamic_page","addon_settings":"{\"id\":\"83\",\"addon_name\":\"PopularProducts\",\"addon_namespace\":\"UGx1Z2luc1xQYWdlQnVpbGRlclxBZGRvbnNcVGVuYW50c1xFbGVjdHJvXFByb2R1Y3RcUG9wdWxhclByb2R1Y3Rz\",\"addon_type\":\"update\",\"addon_location\":\"dynamic_page\",\"addon_order\":\"6\",\"addon_page_id\":\"1\",\"addon_page_type\":\"dynamic_page\",\"title\":\"Best Sale\",\"item_show\":null,\"item_order\":\"desc\",\"padding_top\":\"0\",\"padding_bottom\":\"110\"}","addon_namespace":"Plugins\\PageBuilder\\Addons\\Tenants\\Electro\\Product\\PopularProducts","created_at":"2023-08-02T13:24:22.000000Z","updated_at":"2023-08-14T13:23:38.000000Z"},{"id":84,"addon_name":"NewReleaseCard","addon_type":"update","addon_location":"dynamic_page","addon_order":7,"addon_page_id":1,"addon_page_type":"dynamic_page","addon_settings":"{\"id\":\"84\",\"addon_name\":\"NewReleaseCard\",\"addon_namespace\":\"UGx1Z2luc1xQYWdlQnVpbGRlclxBZGRvbnNcVGVuYW50c1xFbGVjdHJvXENvbW1vblxOZXdSZWxlYXNlQ2FyZA==\",\"addon_type\":\"update\",\"addon_location\":\"dynamic_page\",\"addon_order\":\"7\",\"addon_page_id\":\"1\",\"addon_page_type\":\"dynamic_page\",\"title\":[\"New Release\",\"New\"],\"price\":\"100\",\"button_text\":\"Show Now\",\"button_url\":\"#\",\"image\":\"957\",\"background_image\":\"567\",\"floating_text\":\"Women,Tops\",\"padding_top\":\"21\",\"padding_bottom\":\"22\"}","addon_namespace":"Plugins\\PageBuilder\\Addons\\Tenants\\Electro\\Common\\NewReleaseCard","created_at":"2023-08-06T08:01:16.000000Z","updated_at":"2023-08-14T13:23:54.000000Z"},{"id":85,"addon_name":"NewProducts","addon_type":"update","addon_location":"dynamic_page","addon_order":8,"addon_page_id":1,"addon_page_type":"dynamic_page","addon_settings":"{\"id\":\"85\",\"addon_name\":\"NewProducts\",\"addon_namespace\":\"UGx1Z2luc1xQYWdlQnVpbGRlclxBZGRvbnNcVGVuYW50c1xFbGVjdHJvXFByb2R1Y3RcTmV3UHJvZHVjdHM=\",\"addon_type\":\"update\",\"addon_location\":\"dynamic_page\",\"addon_order\":\"8\",\"addon_page_id\":\"1\",\"addon_page_type\":\"dynamic_page\",\"title\":\"New Arrivals\",\"item_show\":\"3\",\"item_order\":\"desc\",\"padding_top\":\"39\",\"padding_bottom\":\"40\"}","addon_namespace":"Plugins\\PageBuilder\\Addons\\Tenants\\Electro\\Product\\NewProducts","created_at":"2023-08-06T11:44:53.000000Z","updated_at":"2023-08-14T13:24:14.000000Z"},{"id":86,"addon_name":"Brand","addon_type":"update","addon_location":"dynamic_page","addon_order":9,"addon_page_id":1,"addon_page_type":"dynamic_page","addon_settings":"{\"id\":\"86\",\"addon_name\":\"Brand\",\"addon_namespace\":\"UGx1Z2luc1xQYWdlQnVpbGRlclxBZGRvbnNcVGVuYW50c1xFbGVjdHJvXENvbW1vblxCcmFuZA==\",\"addon_type\":\"update\",\"addon_location\":\"dynamic_page\",\"addon_order\":\"9\",\"addon_page_id\":\"1\",\"addon_page_type\":\"dynamic_page\",\"brand\":[\"2\",\"3\",\"4\",\"5\",\"6\",\"7\",\"8\"],\"item_show\":\"10\",\"item_pagination\":\"1\",\"padding_top\":\"19\",\"padding_bottom\":\"22\"}","addon_namespace":"Plugins\\PageBuilder\\Addons\\Tenants\\Electro\\Common\\Brand","created_at":"2023-08-06T12:03:06.000000Z","updated_at":"2023-08-14T13:24:49.000000Z"},{"id":87,"addon_name":"BlogOne","addon_type":"update","addon_location":"dynamic_page","addon_order":10,"addon_page_id":1,"addon_page_type":"dynamic_page","addon_settings":"{\"id\":\"87\",\"addon_name\":\"BlogOne\",\"addon_namespace\":\"UGx1Z2luc1xQYWdlQnVpbGRlclxBZGRvbnNcVGVuYW50c1xFbGVjdHJvXEJsb2dcQmxvZ09uZQ==\",\"addon_type\":\"update\",\"addon_location\":\"dynamic_page\",\"addon_order\":\"10\",\"addon_page_id\":\"1\",\"addon_page_type\":\"dynamic_page\",\"title\":\"Updated News\",\"order_by\":\"id\",\"order\":\"desc\",\"items\":\"3\",\"padding_top\":\"37\",\"padding_bottom\":\"42\"}","addon_namespace":"Plugins\\PageBuilder\\Addons\\Tenants\\Electro\\Blog\\BlogOne","created_at":"2023-08-06T12:21:36.000000Z","updated_at":"2023-08-14T13:25:15.000000Z"},{"id":88,"addon_name":"Services","addon_type":"update","addon_location":"dynamic_page","addon_order":11,"addon_page_id":1,"addon_page_type":"dynamic_page","addon_settings":"{\"id\":\"88\",\"addon_name\":\"Services\",\"addon_namespace\":\"UGx1Z2luc1xQYWdlQnVpbGRlclxBZGRvbnNcVGVuYW50c1xFbGVjdHJvXENvbW1vblxTZXJ2aWNlcw==\",\"addon_type\":\"update\",\"addon_location\":\"dynamic_page\",\"addon_order\":\"11\",\"addon_page_id\":\"1\",\"addon_page_type\":\"dynamic_page\",\"services_repeater\":{\"repeater_icon_\":[\"las la-truck\",\"las la-headset\",\"las la-plane-departure\",\"las la-dollar-sign\"],\"repeater_title_\":[\"Free Shipping\",\"24\\\/7 Support\",\"90 Days Return\",\"Payment Secure\"],\"repeater_subtitle_\":[\"Free shopping on all online order\",\"Contuct us 24 hours\",\"If goods have damage issues\",\"We Ensure Secure Transection\"]},\"padding_top\":\"35\",\"padding_bottom\":\"53\"}","addon_namespace":"Plugins\\PageBuilder\\Addons\\Tenants\\Electro\\Common\\Services","created_at":"2023-08-06T13:10:56.000000Z","updated_at":"2023-08-14T13:25:30.000000Z"}]