{"name":"Ecommerce Theme","slug":"eCommerce","description":"Ecommerce Theme","author":"Al Ahsan","version":"1.0.0","is_available":true,"status":true,"screenshot":[{"primary":"primary.jpeg"}],"headerHook":[{"loadCoreStyle":{"bootstrap":true,"plugin":true,"toastr":false,"odometer":true,"developer":false},"style":["eCommerce-main-style"],"rtl_style":["eCommerce-rtl"],"script":[],"blade":[],"navbarArea":"navbar","breadcrumbArea":"breadcrumb"}],"footerHook":[{"style":[],"script":[],"blade":[],"widgetArea":"widget-area"}]}