[{"id":22,"addon_name":"AboutImage","addon_type":"update","addon_location":"dynamic_page","addon_order":1,"addon_page_id":2,"addon_page_type":"dynamic_page","addon_settings":"{\"id\":\"22\",\"addon_name\":\"AboutImage\",\"addon_namespace\":\"UGx1Z2luc1xQYWdlQnVpbGRlclxBZGRvbnNcVGVuYW50c1xBcm9tYXRpY1xBYm91dFxBYm91dEltYWdl\",\"addon_type\":\"update\",\"addon_location\":\"dynamic_page\",\"addon_order\":\"1\",\"addon_page_id\":\"2\",\"addon_page_type\":\"dynamic_page\",\"about_repeater\":{\"repeater_image_\":[\"513\"]},\"primary_title\":\"About us\",\"description\":\"One advanced diverted domestic repeated bringing you old. Possible procured her trifling laughter thoughts property she met way. Companions shy had solicitude favourable own. Which could saw guest man now heard but. Lasted my coming uneasy marked so should.\\r\\n\\r\\nGravity letters it amongst herself dearest an windows by. Wooded ladies she basket season age her uneasy saw. Discourse unwilling am no described dejection incommode no listening of. Before nature his parish boy.\",\"secondary_title\":\"Store Location\",\"secondary_description\":\"New York:\\r\\n36 Scott Street, Westbury, New York\\r\\nLos Angeles:\\r\\n2530 Hillhaven Drive, California\\r\\nTexas:\\r\\n1562 Drummond Street, San Diego, Texas\\r\\nDallas:\\r\\n4377 Formula Lane, Dallas, Texas\",\"section_id\":null,\"section_class\":null,\"padding_top\":\"110\",\"padding_bottom\":\"110\"}","addon_namespace":"Plugins\\PageBuilder\\Addons\\Tenants\\Aromatic\\About\\AboutImage","created_at":"2023-05-28T10:39:52.000000Z","updated_at":"2023-05-28T11:05:28.000000Z"},{"id":24,"addon_name":"BrandTwo","addon_type":"new","addon_location":"dynamic_page","addon_order":2,"addon_page_id":2,"addon_page_type":"dynamic_page","addon_settings":"{\"addon_name\":\"BrandTwo\",\"addon_namespace\":\"UGx1Z2luc1xQYWdlQnVpbGRlclxBZGRvbnNcVGVuYW50c1xBcm9tYXRpY1xDb21tb25cQnJhbmRUd28=\",\"addon_type\":\"new\",\"addon_location\":\"dynamic_page\",\"addon_order\":\"2\",\"addon_page_id\":\"2\",\"addon_page_type\":\"dynamic_page\",\"item_show\":null,\"item_pagination\":null,\"padding_top\":\"110\",\"padding_bottom\":\"110\"}","addon_namespace":"Plugins\\PageBuilder\\Addons\\Tenants\\Aromatic\\Common\\BrandTwo","created_at":"2023-05-28T11:07:48.000000Z","updated_at":"2023-05-28T11:07:48.000000Z"},{"id":25,"addon_name":"Services","addon_type":"update","addon_location":"dynamic_page","addon_order":3,"addon_page_id":2,"addon_page_type":"dynamic_page","addon_settings":"{\"id\":\"25\",\"addon_name\":\"Services\",\"addon_namespace\":\"UGx1Z2luc1xQYWdlQnVpbGRlclxBZGRvbnNcVGVuYW50c1xBcm9tYXRpY1xDb21tb25cU2VydmljZXM=\",\"addon_type\":\"update\",\"addon_location\":\"dynamic_page\",\"addon_order\":\"3\",\"addon_page_id\":\"2\",\"addon_page_type\":\"dynamic_page\",\"services_repeater\":{\"repeater_icon_\":[\"las la-truck\",\"las la-headset\",\"las la-plane-departure\",\"las la-dollar-sign\"],\"repeater_title_\":[\"Free Shipping\",\"24\\\/7 Support\",\"90 Days Return\",\"Payment Secure\"],\"repeater_subtitle_\":[\"Free shopping on all online order\",\"Contuct us 24 hours\",\"Return product policy\",\"We Ensure Secure Transection\"]},\"padding_top\":\"50\",\"padding_bottom\":\"102\"}","addon_namespace":"Plugins\\PageBuilder\\Addons\\Tenants\\Aromatic\\Common\\Services","created_at":"2023-05-28T11:15:28.000000Z","updated_at":"2023-05-28T11:17:03.000000Z"}]