[
  {
    "id": 17,
    "addon_name": "HeaderOne",
    "addon_type": "update",
    "addon_location": "dynamic_page",
    "addon_order": 1,
    "addon_page_id": 11,
    "addon_page_type": "dynamic_page",
    "addon_settings": "{\"id\":\"19\",\"addon_name\":\"HeaderOne\",\"addon_namespace\":\"UGx1Z2luc1xQYWdlQnVpbGRlclxBZGRvbnNcVGVuYW50c1xEb25hdGlvblxIZWFkZXJPbmU=\",\"addon_type\":\"update\",\"addon_location\":\"dynamic_page\",\"addon_order\":\"1\",\"addon_page_id\":\"11\",\"addon_page_type\":\"dynamic_page\",\"title_en_US\":\"Make big diffrence by  small effort\",\"description_en_US\":\"We are very much greatful to you for your donation. Your little effort help us to change big community life\",\"button_text_en_US\":\"Donate Now\",\"button_url_en_US\":\"#\",\"button_right_text_en_US\":\"Become a volunteer\",\"button_right_url_en_US\":\"#\",\"title_ar\":\"\\u0627\\u0635\\u0646\\u0639 \\u0641\\u0631\\u0642\\u064b\\u0627 \\u0643\\u0628\\u064a\\u0631\\u064b\\u0627 \\u0628\\u062c\\u0647\\u062f \\u0635\\u063a\\u064a\\u0631\",\"description_ar\":\"\\u0646\\u062d\\u0646 \\u0645\\u0645\\u062a\\u0646\\u0648\\u0646 \\u062c\\u062f\\u064b\\u0627 \\u0644\\u0643 \\u0639\\u0644\\u0649 \\u062a\\u0628\\u0631\\u0639\\u0643. \\u062c\\u0647\\u062f\\u0643 \\u0627\\u0644\\u0642\\u0644\\u064a\\u0644 \\u064a\\u0633\\u0627\\u0639\\u062f\\u0646\\u0627 \\u0639\\u0644\\u0649 \\u062a\\u063a\\u064a\\u064a\\u0631 \\u062d\\u064a\\u0627\\u0629 \\u0627\\u0644\\u0645\\u062c\\u062a\\u0645\\u0639 \\u0627\\u0644\\u0643\\u0628\\u064a\\u0631\",\"button_text_ar\":\"\\u062a\\u0628\\u0631\\u0639 \\u0627\\u0644\\u0622\\u0646\",\"button_url_ar\":\"#\",\"button_right_text_ar\":\"\\u062a\\u0628\\u0631\\u0639 \\u0627\\u0644\\u0622\\u0646\",\"button_right_url_ar\":\"#\",\"bg_image\":\"105\",\"right_image\":\"106\",\"padding_top\":\"0\",\"padding_bottom\":\"0\"}",
    "addon_namespace": "Plugins\\PageBuilder\\Addons\\Tenants\\Donation\\HeaderOne",
    "created_at": "2023-03-14T09:10:54.000000Z",
    "updated_at": "2023-03-14T09:10:54.000000Z"
  },
  {
    "id": 18,
    "addon_name": "BrandTwo",
    "addon_type": "update",
    "addon_location": "dynamic_page",
    "addon_order": 2,
    "addon_page_id": 11,
    "addon_page_type": "dynamic_page",
    "addon_settings": "{\"id\":\"21\",\"addon_name\":\"BrandTwo\",\"addon_namespace\":\"UGx1Z2luc1xQYWdlQnVpbGRlclxBZGRvbnNcVGVuYW50c1xDb21tb25cbWlzY1xCcmFuZFR3bw==\",\"addon_type\":\"update\",\"addon_location\":\"dynamic_page\",\"addon_order\":\"2\",\"addon_page_id\":\"11\",\"addon_page_type\":\"dynamic_page\",\"title_en_US\":\"Over 100k Organization From 50 Countries From Use Our Platform\",\"title_ar\":\"\\u0623\\u0643\\u062b\\u0631 \\u0645\\u0646 100 \\u0623\\u0644\\u0641 \\u0645\\u0646\\u0638\\u0645\\u0629 \\u0645\\u0646 50 \\u062f\\u0648\\u0644\\u0629 \\u0645\\u0646 \\u0627\\u0633\\u062a\\u062e\\u062f\\u0627\\u0645 \\u0645\\u0646\\u0635\\u062a\\u0646\\u0627\",\"brand_two_repeater\":{\"repeater_image_\":[\"111\",\"110\",\"109\",\"110\",\"108\",\"107\"],\"repeater_url_\":[\"#\",\"#\",\"#\",\"#\",\"#\",\"#\"]},\"padding_top\":\"0\",\"padding_bottom\":\"0\"}",
    "addon_namespace": "Plugins\\PageBuilder\\Addons\\Tenants\\Common\\misc\\BrandTwo",
    "created_at": "2023-03-14T09:10:54.000000Z",
    "updated_at": "2023-03-14T09:10:54.000000Z"
  },
  {
    "id": 19,
    "addon_name": "RecentCampaign",
    "addon_type": "update",
    "addon_location": "dynamic_page",
    "addon_order": 3,
    "addon_page_id": 11,
    "addon_page_type": "dynamic_page",
    "addon_settings": "{\"id\":\"22\",\"addon_name\":\"RecentCampaign\",\"addon_namespace\":\"UGx1Z2luc1xQYWdlQnVpbGRlclxBZGRvbnNcVGVuYW50c1xEb25hdGlvblxSZWNlbnRDYW1wYWlnbg==\",\"addon_type\":\"update\",\"addon_location\":\"dynamic_page\",\"addon_order\":\"3\",\"addon_page_id\":\"11\",\"addon_page_type\":\"dynamic_page\",\"title_en_US\":\"Our Recent {h}Campaign{\\\/h}\",\"title_ar\":\"\\u062d\\u0645\\u0644\\u062a\\u0646\\u0627 \\u0627\\u0644\\u0623\\u062e\\u064a\\u0631\\u0629\",\"categories\":\"5\",\"order_by\":\"id\",\"order\":\"asc\",\"items\":\"5\",\"donors_count_type\":\"with_image\",\"padding_top\":\"0\",\"padding_bottom\":\"0\"}",
    "addon_namespace": "Plugins\\PageBuilder\\Addons\\Tenants\\Donation\\RecentCampaign",
    "created_at": "2023-03-14T09:10:54.000000Z",
    "updated_at": "2023-03-14T09:10:54.000000Z"
  },
  {
    "id": 20,
    "addon_name": "AboutDonation",
    "addon_type": "update",
    "addon_location": "dynamic_page",
    "addon_order": 4,
    "addon_page_id": 11,
    "addon_page_type": "dynamic_page",
    "addon_settings": "{\"id\":\"23\",\"addon_name\":\"AboutDonation\",\"addon_namespace\":\"UGx1Z2luc1xQYWdlQnVpbGRlclxBZGRvbnNcVGVuYW50c1xEb25hdGlvblxBYm91dERvbmF0aW9u\",\"addon_type\":\"update\",\"addon_location\":\"dynamic_page\",\"addon_order\":\"4\",\"addon_page_id\":\"11\",\"addon_page_type\":\"dynamic_page\",\"title_en_US\":\"When people {h} help people {\\\/h} change happens\",\"description_en_US\":\"Et harum quidem rerum facilis est et expedita distinctio. Nam libero tempore, cum soluta nobis est eligendi optio cumque nihil impedit quo minus id quod maxime placeat facere possimus, omnis voluptas assumenda est, omnis.\",\"button_text_en_US\":\"Explore More\",\"button_url_en_US\":\"#\",\"title_ar\":\"\\u0639\\u0646\\u062f\\u0645\\u0627 \\u064a\\u0633\\u0627\\u0639\\u062f \\u0627\\u0644\\u0646\\u0627\\u0633 \\u0627\\u0644\\u0646\\u0627\\u0633 \\u0639\\u0644\\u0649 \\u0627\\u0644\\u062a\\u063a\\u064a\\u064a\\u0631 \\u064a\\u062d\\u062f\\u062b\",\"description_ar\":\"\\u0648\\u0622\\u062e\\u0631\\u0648\\u0646 \\u060c \\u0627\\u0644\\u0623\\u0645\\u0631 \\u0627\\u0644\\u0630\\u064a \\u064a\\u062c\\u0639\\u0644 \\u0645\\u0646 \\u0627\\u0644\\u0633\\u0647\\u0644 \\u0623\\u0646 \\u064a\\u064f\\u0633\\u0647\\u0644 \\u062a\\u0645\\u064a\\u064a\\u0632\\u0647. \\u060c \\u0645\\u0639 \\u0645\\u0631\\u0627\\u0639\\u0627\\u0629 \\u0639\\u062f\\u0645 \\u0627\\u0644\\u0642\\u062f\\u0631\\u0629 \\u0639\\u0644\\u0649 \\u0627\\u062a\\u062e\\u0627\\u0630 \\u0627\\u0644\\u0642\\u0631\\u0627\\u0631 \\u060c \\u0645\\u0645\\u0627 \\u064a\\u0639\\u0646\\u064a \\u0623\\u0646\\u0647 \\u0644\\u0627 \\u064a\\u0648\\u062c\\u062f \\u0623\\u064a \\u062e\\u064a\\u0627\\u0631 \\u0622\\u062e\\u0631.\",\"button_text_ar\":\"\\u0627\\u0633\\u062a\\u0643\\u0634\\u0627\\u0641 \\u0627\\u0644\\u0645\\u0632\\u064a\\u062f\",\"button_url_ar\":\"#\",\"left_image\":\"112\",\"left_video_url\":\"https:\\\/\\\/www.youtube.com\\\/watch?v=kG8rrwg49gs&list=RDkG8rrwg49gs&start_radio=1\",\"donation_about_repeater\":{\"repeater_number_en_US\":[\"12\",\"45k\",\"25+\"],\"repeater_title_en_US\":[\"Years Experience\",\"Active Volunteer\",\"Complete project\"],\"repeater_number_ar\":[\"12\",\"45k\",\"25+\"],\"repeater_title_ar\":[\"\\u0645\\u062a\\u0637\\u0648\\u0639 \\u0646\\u0634\\u0637\",\"\\u0645\\u062a\\u0637\\u0648\\u0639 \\u0646\\u0634\\u0637\",\"\\u0645\\u062a\\u0637\\u0648\\u0639 \\u0646\\u0634\\u0637\"]},\"padding_top\":\"0\",\"padding_bottom\":\"0\"}",
    "addon_namespace": "Plugins\\PageBuilder\\Addons\\Tenants\\Donation\\AboutDonation",
    "created_at": "2023-03-14T09:10:54.000000Z",
    "updated_at": "2023-03-14T09:10:54.000000Z"
  },
  {
    "id": 21,
    "addon_name": "RecentCampaign",
    "addon_type": "update",
    "addon_location": "dynamic_page",
    "addon_order": 5,
    "addon_page_id": 11,
    "addon_page_type": "dynamic_page",
    "addon_settings": "{\"id\":\"25\",\"addon_name\":\"RecentCampaign\",\"addon_namespace\":\"UGx1Z2luc1xQYWdlQnVpbGRlclxBZGRvbnNcVGVuYW50c1xEb25hdGlvblxSZWNlbnRDYW1wYWlnbg==\",\"addon_type\":\"update\",\"addon_location\":\"dynamic_page\",\"addon_order\":\"5\",\"addon_page_id\":\"11\",\"addon_page_type\":\"dynamic_page\",\"title_en_US\":\"Our popular {h}Campaign{\\\/h}\",\"title_ar\":\"\\u0645\\u0639\\u0644\\u0648\\u0645\\u0627\\u062a \\u0627\\u0644\\u0627\\u062a\\u0635\\u0627\\u0644\",\"categories\":\"5\",\"order_by\":\"id\",\"order\":\"asc\",\"items\":\"5\",\"donors_count_type\":\"without_image\",\"padding_top\":\"0\",\"padding_bottom\":\"0\"}",
    "addon_namespace": "Plugins\\PageBuilder\\Addons\\Tenants\\Donation\\RecentCampaign",
    "created_at": "2023-03-14T09:10:54.000000Z",
    "updated_at": "2023-03-14T09:10:54.000000Z"
  },
  {
    "id": 22,
    "addon_name": "ServiceDonation",
    "addon_type": "update",
    "addon_location": "dynamic_page",
    "addon_order": 6,
    "addon_page_id": 11,
    "addon_page_type": "dynamic_page",
    "addon_settings": "{\"id\":\"26\",\"addon_name\":\"ServiceDonation\",\"addon_namespace\":\"UGx1Z2luc1xQYWdlQnVpbGRlclxBZGRvbnNcVGVuYW50c1xEb25hdGlvblxTZXJ2aWNlRG9uYXRpb24=\",\"addon_type\":\"update\",\"addon_location\":\"dynamic_page\",\"addon_order\":\"6\",\"addon_page_id\":\"11\",\"addon_page_type\":\"dynamic_page\",\"donation_service_repeater\":{\"repeater_title_en_US\":[\"Create an account\",\"Select Donating fund\",\"Start Donating\"],\"repeater_title_url_en_US\":[\"#\",\"#\",\"#\"],\"repeater_subtitle_en_US\":[\"You can easily create your account in our website\",\"You can easily create your account in our website\",\"You can easily create your account in our website\"],\"repeater_image_en_US\":[\"113\",\"114\",\"115\"],\"repeater_title_ar\":[\"\\u0627\\u0646\\u0634\\u0626 \\u062d\\u0633\\u0627\\u0628\",\"\\u0627\\u0646\\u0634\\u0626 \\u062d\\u0633\\u0627\\u0628\",\"\\u0627\\u0646\\u0634\\u0626 \\u062d\\u0633\\u0627\\u0628\"],\"repeater_title_url_ar\":[\"#\",\"#\",\"#\"],\"repeater_subtitle_ar\":[\"\\u064a\\u0645\\u0643\\u0646\\u0643 \\u0628\\u0633\\u0647\\u0648\\u0644\\u0629 \\u0625\\u0646\\u0634\\u0627\\u0621 \\u062d\\u0633\\u0627\\u0628\\u0643 \\u0641\\u064a \\u0645\\u0648\\u0642\\u0639\\u0646\\u0627\",\"\\u064a\\u0645\\u0643\\u0646\\u0643 \\u0628\\u0633\\u0647\\u0648\\u0644\\u0629 \\u0625\\u0646\\u0634\\u0627\\u0621 \\u062d\\u0633\\u0627\\u0628\\u0643 \\u0641\\u064a \\u0645\\u0648\\u0642\\u0639\\u0646\\u0627\",\"\\u064a\\u0645\\u0643\\u0646\\u0643 \\u0628\\u0633\\u0647\\u0648\\u0644\\u0629 \\u0625\\u0646\\u0634\\u0627\\u0621 \\u062d\\u0633\\u0627\\u0628\\u0643 \\u0641\\u064a \\u0645\\u0648\\u0642\\u0639\\u0646\\u0627\"],\"repeater_image_ar\":[\"113\",\"114\",\"115\"]},\"padding_top\":\"0\",\"padding_bottom\":\"0\"}",
    "addon_namespace": "Plugins\\PageBuilder\\Addons\\Tenants\\Donation\\ServiceDonation",
    "created_at": "2023-03-14T09:10:54.000000Z",
    "updated_at": "2023-03-14T09:10:54.000000Z"
  },
  {
    "id": 23,
    "addon_name": "DonationActivities",
    "addon_type": "update",
    "addon_location": "dynamic_page",
    "addon_order": 7,
    "addon_page_id": 11,
    "addon_page_type": "dynamic_page",
    "addon_settings": "{\"id\":\"27\",\"addon_name\":\"DonationActivities\",\"addon_namespace\":\"UGx1Z2luc1xQYWdlQnVpbGRlclxBZGRvbnNcVGVuYW50c1xEb25hdGlvblxEb25hdGlvbkFjdGl2aXRpZXM=\",\"addon_type\":\"update\",\"addon_location\":\"dynamic_page\",\"addon_order\":\"7\",\"addon_page_id\":\"11\",\"addon_page_type\":\"dynamic_page\",\"title_en_US\":\"Explore Our {h}Activities{\\\/h}\",\"title_ar\":null,\"acti\":[\"1\",\"2\",\"3\",\"5\"],\"order_by\":\"id\",\"order\":\"asc\",\"items\":\"4\",\"padding_top\":\"0\",\"padding_bottom\":\"0\"}",
    "addon_namespace": "Plugins\\PageBuilder\\Addons\\Tenants\\Donation\\DonationActivities",
    "created_at": "2023-03-14T09:10:54.000000Z",
    "updated_at": "2023-03-14T09:10:54.000000Z"
  },
  {
    "id": 24,
    "addon_name": "DonationTestimonial",
    "addon_type": "update",
    "addon_location": "dynamic_page",
    "addon_order": 8,
    "addon_page_id": 11,
    "addon_page_type": "dynamic_page",
    "addon_settings": "{\"id\":\"28\",\"addon_name\":\"DonationTestimonial\",\"addon_namespace\":\"UGx1Z2luc1xQYWdlQnVpbGRlclxBZGRvbnNcVGVuYW50c1xEb25hdGlvblxEb25hdGlvblRlc3RpbW9uaWFs\",\"addon_type\":\"update\",\"addon_location\":\"dynamic_page\",\"addon_order\":\"8\",\"addon_page_id\":\"11\",\"addon_page_type\":\"dynamic_page\",\"title_en_US\":\"{h}Testimonial{\\\/h} from Donatz User\",\"title_ar\":\"\\u0645\\u062d\\u062a\\u0648\\u064a\\u0627\\u062a\\u0646\\u0627\",\"item\":\"5\",\"order_by\":\"id\",\"order\":\"asc\",\"right_image\":\"117\",\"right_video_url\":\"https:\\\/\\\/www.youtube.com\\\/watch?v=0-EE2tKnqVg\",\"padding_top\":\"0\",\"padding_bottom\":\"0\"}",
    "addon_namespace": "Plugins\\PageBuilder\\Addons\\Tenants\\Donation\\DonationTestimonial",
    "created_at": "2023-03-14T09:10:54.000000Z",
    "updated_at": "2023-03-14T09:10:54.000000Z"
  },
  {
    "id": 25,
    "addon_name": "BlogSliderOne",
    "addon_type": "update",
    "addon_location": "dynamic_page",
    "addon_order": 9,
    "addon_page_id": 11,
    "addon_page_type": "dynamic_page",
    "addon_settings": "{\"id\":\"30\",\"addon_name\":\"BlogSliderOne\",\"addon_namespace\":\"UGx1Z2luc1xQYWdlQnVpbGRlclxBZGRvbnNcVGVuYW50c1xEb25hdGlvblxCbG9nU2xpZGVyT25l\",\"addon_type\":\"update\",\"addon_location\":\"dynamic_page\",\"addon_order\":\"9\",\"addon_page_id\":\"11\",\"addon_page_type\":\"dynamic_page\",\"title_en_US\":\"Read Our {h} Latest Blog{\\\/h}\",\"title_ar\":null,\"categories\":\"5\",\"order_by\":\"id\",\"order\":\"asc\",\"items\":\"4\",\"padding_top\":\"0\",\"padding_bottom\":\"0\"}",
    "addon_namespace": "Plugins\\PageBuilder\\Addons\\Tenants\\Donation\\BlogSliderOne",
    "created_at": "2023-03-14T09:10:54.000000Z",
    "updated_at": "2023-03-14T09:10:54.000000Z"
  }
]