[
    {
        "id": 177,
        "addon_name": "HeaderOne",
        "addon_type": "update",
        "addon_location": "dynamic_page",
        "addon_order": 1,
        "addon_page_id": 1,
        "addon_page_type": "dynamic_page",
        "addon_settings": "{\"id\":\"177\",\"addon_name\":\"HeaderOne\",\"addon_namespace\":\"UGx1Z2luc1xQYWdlQnVpbGRlclxBZGRvbnNcVGVuYW50c1xUaGVtZU9uZVxIZWFkZXJcSGVhZGVyT25l\",\"addon_type\":\"update\",\"addon_location\":\"dynamic_page\",\"addon_order\":\"1\",\"addon_page_id\":\"1\",\"addon_page_type\":\"dynamic_page\",\"foreground_image\":\"302\",\"header_repeater\":{\"title_\":[\"WINTER {h}DRESS{\\\/h} COLLECTION\",\"SUMMER {h}NEW{\\\/h} COLLECTION\"],\"subtitle_\":[\"Here\\u2019s a voice that keeps on calling me. Down the road, that\\u2019s where I\\u2019ll always be.\",\"Here\\u2019s a voice that keeps on calling me. Down the road, that\\u2019s where I\\u2019ll always be.\"],\"shop_button_text_\":[\"Shop Now\",\"Shop Now\"],\"shop_button_url_\":[\"#\",\"#\"],\"background_image_\":[\"303\",\"303\"],\"figure_image_\":[\"301\",\"301\"]},\"social_repeater\":{\"social_media_name_\":[\"Fb.\",\"Tw.\",\"Insta.\",\"YT.\"],\"social_media_url_\":[\"#\",\"#\",\"#\",\"#\"]},\"padding_top\":\"0\",\"padding_bottom\":\"0\"}",
        "addon_namespace": "Plugins\\PageBuilder\\Addons\\Tenants\\Hexfashion\\Header\\HeaderOne",
        "created_at": "2022-11-12T10:14:42.000000Z",
        "updated_at": "2022-11-12T11:51:42.000000Z"
    },
    {
        "id": 178,
        "addon_name": "CollectionArea",
        "addon_type": "update",
        "addon_location": "dynamic_page",
        "addon_order": 3,
        "addon_page_id": 1,
        "addon_page_type": "dynamic_page",
        "addon_settings": "{\"id\":\"178\",\"addon_name\":\"CollectionArea\",\"addon_namespace\":\"UGx1Z2luc1xQYWdlQnVpbGRlclxBZGRvbnNcVGVuYW50c1xUaGVtZU9uZVxDb21tb25cQ29sbGVjdGlvbkFyZWE=\",\"addon_type\":\"update\",\"addon_location\":\"dynamic_page\",\"addon_order\":\"3\",\"addon_page_id\":\"1\",\"addon_page_type\":\"dynamic_page\",\"title\":\"Exclusive Dress Collection\",\"subtitle\":\"Summer Sale\",\"campaign\":\"14\",\"button_text\":\"Shop Now\",\"button_url\":null,\"left_image\":\"337\",\"right_image\":\"338\",\"padding_top\":\"112\",\"padding_bottom\":\"110\"}",
        "addon_namespace": "Plugins\\PageBuilder\\Addons\\Tenants\\Hexfashion\\Common\\CollectionArea",
        "created_at": "2022-11-12T10:14:42.000000Z",
        "updated_at": "2022-11-16T11:02:20.000000Z"
    },
    {
        "id": 179,
        "addon_name": "DealArea",
        "addon_type": "update",
        "addon_location": "dynamic_page",
        "addon_order": 5,
        "addon_page_id": 1,
        "addon_page_type": "dynamic_page",
        "addon_settings": "{\"id\":\"179\",\"addon_name\":\"DealArea\",\"addon_namespace\":\"UGx1Z2luc1xQYWdlQnVpbGRlclxBZGRvbnNcVGVuYW50c1xUaGVtZU9uZVxDb21tb25cRGVhbEFyZWE=\",\"addon_type\":\"update\",\"addon_location\":\"dynamic_page\",\"addon_order\":\"5\",\"addon_page_id\":\"1\",\"addon_page_type\":\"dynamic_page\",\"title\":\"Deal of the Week\",\"short_description\":\"Why does this particular feature stand out to you right now?\\r\\n\\r\\nThe countdown is finished!\",\"button_text\":\"Shop Now\",\"button_url\":\"#\",\"bg_image\":\"339\"}",
        "addon_namespace": "Plugins\\PageBuilder\\Addons\\Tenants\\Hexfashion\\Common\\DealArea",
        "created_at": "2022-11-12T10:14:42.000000Z",
        "updated_at": "2022-11-16T10:59:50.000000Z"
    },
    {
        "id": 180,
        "addon_name": "BlogOne",
        "addon_type": "update",
        "addon_location": "dynamic_page",
        "addon_order": 8,
        "addon_page_id": 1,
        "addon_page_type": "dynamic_page",
        "addon_settings": "{\"id\":\"180\",\"addon_name\":\"BlogOne\",\"addon_namespace\":\"UGx1Z2luc1xQYWdlQnVpbGRlclxBZGRvbnNcVGVuYW50c1xUaGVtZU9uZVxCbG9nXEJsb2dPbmU=\",\"addon_type\":\"update\",\"addon_location\":\"dynamic_page\",\"addon_order\":\"8\",\"addon_page_id\":\"1\",\"addon_page_type\":\"dynamic_page\",\"categories\":[\"4\",\"5\",\"6\",\"8\",\"9\"],\"order_by\":\"id\",\"order\":\"desc\",\"items\":\"10\",\"padding_top\":\"0\",\"padding_bottom\":\"0\"}",
        "addon_namespace": "Plugins\\PageBuilder\\Addons\\Tenants\\Hexfashion\\Blog\\BlogOne",
        "created_at": "2022-11-12T10:14:42.000000Z",
        "updated_at": "2022-11-16T11:13:36.000000Z"
    },
    {
        "id": 181,
        "addon_name": "FeaturedProductSlider",
        "addon_type": "update",
        "addon_location": "dynamic_page",
        "addon_order": 2,
        "addon_page_id": 1,
        "addon_page_type": "dynamic_page",
        "addon_settings": "{\"id\":\"181\",\"addon_name\":\"FeaturedProductSlider\",\"addon_namespace\":\"UGx1Z2luc1xQYWdlQnVpbGRlclxBZGRvbnNcVGVuYW50c1xUaGVtZU9uZVxQcm9kdWN0XEZlYXR1cmVkUHJvZHVjdFNsaWRlcg==\",\"addon_type\":\"update\",\"addon_location\":\"dynamic_page\",\"addon_order\":\"2\",\"addon_page_id\":\"1\",\"addon_page_type\":\"dynamic_page\",\"item_show\":\"8\",\"products\":[\"190\",\"191\",\"192\",\"193\",\"195\",\"196\"],\"padding_top\":\"100\",\"padding_bottom\":\"0\"}",
        "addon_namespace": "Plugins\\PageBuilder\\Addons\\Tenants\\Hexfashion\\Product\\FeaturedProductSlider",
        "created_at": "2022-11-12T10:14:42.000000Z",
        "updated_at": "2022-11-16T11:12:38.000000Z"
    },
    {
        "id": 182,
        "addon_name": "ProductTypeList",
        "addon_type": "update",
        "addon_location": "dynamic_page",
        "addon_order": 4,
        "addon_page_id": 1,
        "addon_page_type": "dynamic_page",
        "addon_settings": "{\"id\":\"182\",\"addon_name\":\"ProductTypeList\",\"addon_namespace\":\"UGx1Z2luc1xQYWdlQnVpbGRlclxBZGRvbnNcVGVuYW50c1xUaGVtZU9uZVxQcm9kdWN0XFByb2R1Y3RUeXBlTGlzdA==\",\"addon_type\":\"update\",\"addon_location\":\"dynamic_page\",\"addon_order\":\"4\",\"addon_page_id\":\"1\",\"addon_page_type\":\"dynamic_page\",\"title\":\"Our Store\",\"categories\":[\"6\",\"8\",\"10\",\"11\"],\"item_show\":\"6\",\"view_all_url\":\"#\",\"padding_top\":\"30\",\"padding_bottom\":\"71\"}",
        "addon_namespace": "Plugins\\PageBuilder\\Addons\\Tenants\\Hexfashion\\Product\\ProductTypeList",
        "created_at": "2022-11-12T10:14:42.000000Z",
        "updated_at": "2022-11-16T11:15:04.000000Z"
    },
    {
        "id": 183,
        "addon_name": "FlashStore",
        "addon_type": "update",
        "addon_location": "dynamic_page",
        "addon_order": 6,
        "addon_page_id": 1,
        "addon_page_type": "dynamic_page",
        "addon_settings": "{\"id\":\"183\",\"addon_name\":\"FlashStore\",\"addon_namespace\":\"UGx1Z2luc1xQYWdlQnVpbGRlclxBZGRvbnNcVGVuYW50c1xUaGVtZU9uZVxQcm9kdWN0XEZsYXNoU3RvcmU=\",\"addon_type\":\"update\",\"addon_location\":\"dynamic_page\",\"addon_order\":\"6\",\"addon_page_id\":\"1\",\"addon_page_type\":\"dynamic_page\",\"title\":\"Flash Store\",\"champaign\":\"14\",\"item_show\":\"5\",\"padding_top\":\"48\",\"padding_bottom\":\"46\"}",
        "addon_namespace": "Plugins\\PageBuilder\\Addons\\Tenants\\Hexfashion\\Product\\FlashStore",
        "created_at": "2022-11-12T10:14:42.000000Z",
        "updated_at": "2022-11-16T11:05:34.000000Z"
    },
    {
        "id": 184,
        "addon_name": "Brand",
        "addon_type": "update",
        "addon_location": "dynamic_page",
        "addon_order": 9,
        "addon_page_id": 1,
        "addon_page_type": "dynamic_page",
        "addon_settings": "{\"id\":\"184\",\"addon_name\":\"Brand\",\"addon_namespace\":\"UGx1Z2luc1xQYWdlQnVpbGRlclxBZGRvbnNcVGVuYW50c1xUaGVtZU9uZVxDb21tb25cQnJhbmQ=\",\"addon_type\":\"update\",\"addon_location\":\"dynamic_page\",\"addon_order\":\"9\",\"addon_page_id\":\"1\",\"addon_page_type\":\"dynamic_page\",\"brand\":[\"2\",\"3\",\"4\",\"5\",\"6\",\"7\",\"8\"],\"item_show\":\"8\",\"item_pagination\":\"6\",\"padding_top\":\"101\",\"padding_bottom\":\"0\"}",
        "addon_namespace": "Plugins\\PageBuilder\\Addons\\Tenants\\Hexfashion\\Common\\Brand",
        "created_at": "2022-11-12T10:14:42.000000Z",
        "updated_at": "2022-11-12T12:40:14.000000Z"
    },
    {
        "id": 185,
        "addon_name": "Services",
        "addon_type": "update",
        "addon_location": "dynamic_page",
        "addon_order": 10,
        "addon_page_id": 1,
        "addon_page_type": "dynamic_page",
        "addon_settings": "{\"id\":\"13\",\"addon_name\":\"Services\",\"addon_namespace\":\"UGx1Z2luc1xQYWdlQnVpbGRlclxBZGRvbnNcVGVuYW50c1xUaGVtZU9uZVxDb21tb25cU2VydmljZXM=\",\"addon_type\":\"update\",\"addon_location\":\"dynamic_page\",\"addon_order\":\"9\",\"addon_page_id\":\"1\",\"addon_page_type\":\"dynamic_page\",\"services_repeater\":{\"repeater_icon_\":[\"las la-truck\",\"las la-redo-alt\",\"las la-lock\",\"las la-gift\"],\"repeater_title_\":[\"Free Shipping\",\"Early Return\",\"Secure Payment\",\"Best Offer\"],\"repeater_subtitle_\":[\"Order Over $90\",\"Within 15 days\",\"Online Shopping\",\"Guaranteed\"]},\"padding_top\":\"86\",\"padding_bottom\":\"34\"}",
        "addon_namespace": "Plugins\\PageBuilder\\Addons\\Tenants\\Hexfashion\\Common\\Services",
        "created_at": "2022-11-12T10:14:42.000000Z",
        "updated_at": "2022-11-12T12:22:27.000000Z"
    },
    {
        "id": 195,
        "addon_name": "Testimonial",
        "addon_type": "update",
        "addon_location": "dynamic_page",
        "addon_order": 7,
        "addon_page_id": 1,
        "addon_page_type": "dynamic_page",
        "addon_settings": "{\"id\":\"195\",\"addon_name\":\"Testimonial\",\"addon_namespace\":\"UGx1Z2luc1xQYWdlQnVpbGRlclxBZGRvbnNcVGVuYW50c1xUaGVtZU9uZVxDb21tb25cVGVzdGltb25pYWw=\",\"addon_type\":\"update\",\"addon_location\":\"dynamic_page\",\"addon_order\":\"7\",\"addon_page_id\":\"1\",\"addon_page_type\":\"dynamic_page\",\"title_en_US\":\"Client's Feedback\",\"title_ar\":null,\"item\":\"5\",\"order_by\":\"id\",\"order\":\"asc\",\"padding_top\":\"46\",\"padding_bottom\":\"47\"}",
        "addon_namespace": "Plugins\\PageBuilder\\Addons\\Tenants\\Hexfashion\\Common\\Testimonial",
        "created_at": "2022-11-12T12:22:58.000000Z",
        "updated_at": "2022-11-16T11:13:57.000000Z"
    }
]
